{"predicate_wiki_count": {"of": 894506, "and": 692371, "between": 22109, "to": 445877, "on": 189906, "in": 688686, "from": 147913, "at": 123527, "for": 205151, "with": 146972, "under": 13833, "near": 11188, "along": 7135, "has": 69426, "against": 12908, "in front of": 1002, "using": 8060, "above": 4053, "over": 22438, "part of": 20761, "eating": 1256, "says": 4585, "made of": 2728, "carrying": 819, "across": 3968, "wearing": 1227, "watching": 566, "covering": 621, "looking at": 412, "behind": 2700, "growing on": 38, "playing": 5431, "holding": 1070, "riding": 800, "belonging to": 397, "painted on": 66, "lying on": 77, "attached to": 654, "covered in": 269, "sitting on": 128, "wears": 474, "flying in": 49, "mounted on": 99, "walking in": 56, "standing on": 132, "walking on": 77, "hanging from": 82, "laying on": 7, "parked on": 5, "on back of": 1}, "predicate_wiki_information": {"of": 1.4350022205565889, "and": 1.6911518920203004, "between": 5.135289065697694, "to": 2.1312307019096837, "on": 2.9847446182450463, "in": 1.6964883969512372, "from": 3.2346495680589005, "at": 3.4148140754855936, "for": 2.907527537782375, "with": 3.2410317386954093, "under": 5.604216789248098, "near": 5.816432055801063, "along": 6.266261580211976, "has": 3.9910123940185205, "against": 5.6734265569510605, "in front of": 8.229275828478103, "using": 6.144360274622239, "above": 6.831816483494604, "over": 5.120517881018003, "part of": 5.198197604446364, "eating": 8.003341763094769, "says": 6.708483725432348, "made of": 7.22770509115956, "carrying": 8.430945026269844, "across": 6.853011641718149, "wearing": 8.026701665412002, "watching": 8.80043503191973, "covering": 8.707698028189434, "looking at": 9.118005760773388, "behind": 7.238022058130492, "growing on": 11.501442950396527, "playing": 6.539150552088068, "holding": 8.16361518266696, "riding": 8.454417382454986, "belonging to": 9.155092829435723, "painted on": 10.949374368096487, "lying on": 10.79522368826923, "attached to": 8.655921758665714, "covered in": 9.544317730521074, "sitting on": 10.286998846203296, "wears": 8.977821788427837, "flying in": 11.247208812012287, "mounted on": 10.543909259988324, "walking in": 11.113677419387765, "standing on": 10.256227187536542, "walking on": 10.79522368826923, "hanging from": 10.73230986285866, "laying on": 13.193118961067599, "parked on": 13.529591197688813, "on back of": 15.139029110122912}}